years,victimas_extorcion_nacional
2011,284286.92370000000000000000
2013,304209.73804000000000000000
2015,299808.90845490000000000000
2017,248502.59431326300000000000
2019,344099.10242918000000000000
2021,287105.20010000000000000000
