years,victimas_fraude_nacional
2011,168832.26370000000000000000
2013,184338.16606000000000000000
2015,321905.28089996000000000000
2017,215179.01538301000000000000
2019,182258.79254683900000000000
2021,156755.63580000000000000000
